Input Size n for Array_i, Value of n*Log(n), Time Spent (Nanoseconds), Value of [n*log(n)]/time
1000, 6907.755278982137, 5156700, 1e-03
2000, 15201.804919084165, 9867800, 2e-03
3000, 24019.10270295074, 15796100, 2e-03
4000, 33176.19856040811, 20135600, 2e-03
5000, 42585.96595708119, 20466300, 2e-03
6000, 52197.08848926115, 20591800, 3e-03
7000, 61975.657996262154, 24062400, 3e-03
8000, 71897.57456529578, 29302100, 2e-03
9000, 81944.8187068652, 32726100, 3e-03
